{"cameraMode":{"drawMode":0,"name":"Shaded","section":"Shading Mode"},"sceneLighting":false,"audioPlay":false,"sceneViewState":{"showFog":true,"showMaterialUpdate":false,"showSkybox":true,"showFlares":true,"showImageEffects":true,"showParticleSystems":true},"in2DMode":false,"pivot":{"x":-1.7818074226379395,"y":-3.7720470428466799,"z":-2.7101688385009767},"rotation":{"x":0.025566548109054567,"y":0.9204770922660828,"z":-0.38517314195632937,"w":0.061121124774217609},"size":10.78493595123291,"orthographic":false}