{"cameraMode":{"drawMode":0,"name":"Shaded","section":"Shading Mode"},"sceneLighting":true,"audioPlay":false,"sceneViewState":{"showFog":true,"showMaterialUpdate":false,"showSkybox":true,"showFlares":true,"showImageEffects":true,"showParticleSystems":true},"in2DMode":false,"pivot":{"x":0.31206560134887698,"y":-1.2011699676513672,"z":0.7008013725280762},"rotation":{"x":-0.11981969326734543,"y":0.8745793700218201,"z":-0.2751549184322357,"w":-0.38084667921066286},"size":9.315113067626954,"orthographic":false}